num_microbatches,micro_batch_size,seq_length,init_datetime,final_datetime,zero_grad_time,forward_backward_time,optimizer_time,data_parallel_world_size,tensor_model_parallel_world_size,tensor_model_parallel_rank,pipeline_model_parallel_world_size,pipeline_model_parallel_rank
8,2,8192,2024-12-05 21:05:35,2024-12-05 21:06:11,0.0003345012664794922,32.21154022216797,3.4173057079315186,1,2,0,4,0
8,2,8192,2024-12-05 21:05:35,2024-12-05 21:06:11,0.00024080276489257812,32.153082847595215,3.475900411605835,1,2,1,4,1
8,2,8192,2024-12-05 21:05:35,2024-12-05 21:06:11,0.0001418590545654297,32.12867760658264,3.500478506088257,1,2,1,4,2
8,2,8192,2024-12-05 21:05:35,2024-12-05 21:06:11,0.0003712177276611328,32.224377155303955,3.4044885635375977,1,2,0,4,3
8,2,8192,2024-12-05 21:05:35,2024-12-05 21:06:11,0.00020551681518554688,32.10073471069336,3.528332233428955,1,2,0,4,2
8,2,8192,2024-12-05 21:05:35,2024-12-05 21:06:11,0.0001690387725830078,32.0788197517395,3.55053448677063,1,2,1,4,3
8,2,8192,2024-12-05 21:05:35,2024-12-05 21:06:11,0.00020074844360351562,32.10074043273926,3.5287623405456543,1,2,0,4,1
8,2,8192,2024-12-05 21:05:35,2024-12-05 21:06:11,0.00028705596923828125,32.150641441345215,3.478350877761841,1,2,1,4,0
8,2,8192,2024-12-05 21:06:11,2024-12-05 21:06:18,0.00031185150146484375,6.725670576095581,0.6077444553375244,1,2,0,4,2
8,2,8192,2024-12-05 21:06:11,2024-12-05 21:06:18,0.0003180503845214844,6.725724220275879,0.6078395843505859,1,2,1,4,2
8,2,8192,2024-12-05 21:06:11,2024-12-05 21:06:18,0.0004475116729736328,6.432270288467407,0.8983266353607178,1,2,1,4,3
8,2,8192,2024-12-05 21:06:11,2024-12-05 21:06:18,0.0004024505615234375,7.016721248626709,0.31700563430786133,1,2,1,4,1
8,2,8192,2024-12-05 21:06:11,2024-12-05 21:06:18,0.0011982917785644531,7.03159499168396,0.3003387451171875,1,2,1,4,0
8,2,8192,2024-12-05 21:06:11,2024-12-05 21:06:18,0.0003154277801513672,6.434654712677002,0.9040439128875732,1,2,0,4,3
8,2,8192,2024-12-05 21:06:11,2024-12-05 21:06:18,0.00045013427734375,7.033541202545166,0.3059682846069336,1,2,0,4,0
8,2,8192,2024-12-05 21:06:11,2024-12-05 21:06:18,0.0008654594421386719,7.015711784362793,0.33118534088134766,1,2,0,4,1
8,2,8192,2024-12-05 21:06:18,2024-12-05 21:06:25,0.0002727508544921875,6.109182596206665,0.3061528205871582,1,2,1,4,1
8,2,8192,2024-12-05 21:06:18,2024-12-05 21:06:25,0.00026702880859375,6.119471073150635,0.2901020050048828,1,2,0,4,0
8,2,8192,2024-12-05 21:06:18,2024-12-05 21:06:25,0.0002295970916748047,5.81813383102417,0.5976839065551758,1,2,0,4,2
8,2,8192,2024-12-05 21:06:18,2024-12-05 21:06:25,0.00023174285888671875,5.818167448043823,0.5975747108459473,1,2,1,4,2
8,2,8192,2024-12-05 21:06:18,2024-12-05 21:06:25,0.0004520416259765625,5.524366140365601,0.8886094093322754,1,2,1,4,3
8,2,8192,2024-12-05 21:06:18,2024-12-05 21:06:25,0.00040435791015625,6.124335765838623,0.2901427745819092,1,2,1,4,0
8,2,8192,2024-12-05 21:06:18,2024-12-05 21:06:25,0.0002391338348388672,6.095221281051636,0.3058016300201416,1,2,0,4,1
8,2,8192,2024-12-05 21:06:18,2024-12-05 21:06:25,0.000240325927734375,5.5218682289123535,0.8881003856658936,1,2,0,4,3
8,2,8192,2024-12-05 21:06:25,2024-12-05 21:06:31,0.00024509429931640625,6.231587886810303,0.3056819438934326,1,2,0,4,1
8,2,8192,2024-12-05 21:06:25,2024-12-05 21:06:31,0.0001385211944580078,6.233161211013794,0.30523204803466797,1,2,1,4,1
8,2,8192,2024-12-05 21:06:25,2024-12-05 21:06:31,0.0001494884490966797,6.247919797897339,0.2903776168823242,1,2,0,4,0
8,2,8192,2024-12-05 21:06:25,2024-12-05 21:06:31,0.00023436546325683594,5.938344955444336,0.5997624397277832,1,2,0,4,2
8,2,8192,2024-12-05 21:06:25,2024-12-05 21:06:31,0.0002522468566894531,6.248053550720215,0.28981494903564453,1,2,1,4,0
8,2,8192,2024-12-05 21:06:25,2024-12-05 21:06:31,0.00015306472778320312,5.938251733779907,0.5998599529266357,1,2,1,4,2
8,2,8192,2024-12-05 21:06:25,2024-12-05 21:06:31,0.0004527568817138672,5.637720584869385,0.8979701995849609,1,2,1,4,3
8,2,8192,2024-12-05 21:06:25,2024-12-05 21:06:31,0.00042939186096191406,5.638608932495117,0.8982470035552979,1,2,0,4,3
8,2,8192,2024-12-05 21:06:31,2024-12-05 21:06:38,0.00013256072998046875,6.302282333374023,0.3070559501647949,1,2,1,4,1
8,2,8192,2024-12-05 21:06:31,2024-12-05 21:06:38,0.00013518333435058594,6.318126201629639,0.2912561893463135,1,2,0,4,0
8,2,8192,2024-12-05 21:06:31,2024-12-05 21:06:38,0.0002396106719970703,5.998480319976807,0.610476016998291,1,2,1,4,2
8,2,8192,2024-12-05 21:06:31,2024-12-05 21:06:38,0.00014090538024902344,6.30219030380249,0.3072946071624756,1,2,0,4,1
8,2,8192,2024-12-05 21:06:31,2024-12-05 21:06:38,0.00047659873962402344,5.689921617507935,0.9166429042816162,1,2,1,4,3
8,2,8192,2024-12-05 21:06:31,2024-12-05 21:06:38,0.00013780593872070312,5.998624324798584,0.6108133792877197,1,2,0,4,2
8,2,8192,2024-12-05 21:06:31,2024-12-05 21:06:38,0.00023317337036132812,6.318090200424194,0.2909886837005615,1,2,1,4,0
8,2,8192,2024-12-05 21:06:31,2024-12-05 21:06:38,0.00041365623474121094,5.691118478775024,0.9166052341461182,1,2,0,4,3
8,2,8192,2024-12-05 21:06:38,2024-12-05 21:06:44,0.00012063980102539062,6.378716945648193,0.31361961364746094,1,2,1,4,1
8,2,8192,2024-12-05 21:06:38,2024-12-05 21:06:44,0.00015997886657714844,6.392685890197754,0.2993636131286621,1,2,0,4,0
8,2,8192,2024-12-05 21:06:38,2024-12-05 21:06:44,0.00023794174194335938,6.06610369682312,0.6256697177886963,1,2,0,4,2
8,2,8192,2024-12-05 21:06:38,2024-12-05 21:06:44,0.00020837783813476562,6.393462657928467,0.2981579303741455,1,2,1,4,0
8,2,8192,2024-12-05 21:06:38,2024-12-05 21:06:44,0.00024366378784179688,6.0656561851501465,0.626192569732666,1,2,1,4,2
8,2,8192,2024-12-05 21:06:38,2024-12-05 21:06:44,0.0002529621124267578,6.377622127532959,0.31421494483947754,1,2,0,4,1
8,2,8192,2024-12-05 21:06:38,2024-12-05 21:06:44,0.0003688335418701172,5.748968839645386,0.9412167072296143,1,2,1,4,3
8,2,8192,2024-12-05 21:06:38,2024-12-05 21:06:44,0.00043964385986328125,5.7496984004974365,0.9408602714538574,1,2,0,4,3
8,2,8192,2024-12-05 21:06:44,2024-12-05 21:06:51,0.00013709068298339844,6.402374267578125,0.318007230758667,1,2,1,4,1
8,2,8192,2024-12-05 21:06:44,2024-12-05 21:06:51,0.00016021728515625,6.083784580230713,0.6364362239837646,1,2,0,4,2
8,2,8192,2024-12-05 21:06:44,2024-12-05 21:06:51,0.00023746490478515625,6.083496570587158,0.636465311050415,1,2,1,4,2
8,2,8192,2024-12-05 21:06:44,2024-12-05 21:06:51,0.0001323223114013672,6.417541742324829,0.30286693572998047,1,2,0,4,0
8,2,8192,2024-12-05 21:06:44,2024-12-05 21:06:51,0.0001442432403564453,6.417252540588379,0.30292177200317383,1,2,1,4,0
8,2,8192,2024-12-05 21:06:44,2024-12-05 21:06:51,0.0005636215209960938,5.758673191070557,0.958622932434082,1,2,1,4,3
8,2,8192,2024-12-05 21:06:44,2024-12-05 21:06:51,0.00028395652770996094,6.4018213748931885,0.3179929256439209,1,2,0,4,1
8,2,8192,2024-12-05 21:06:44,2024-12-05 21:06:51,0.0004229545593261719,5.7609899044036865,0.9579486846923828,1,2,0,4,3
8,2,8192,2024-12-05 21:06:51,2024-12-05 21:06:58,0.00012063980102539062,6.43260383605957,0.3318455219268799,1,2,1,4,1
8,2,8192,2024-12-05 21:06:51,2024-12-05 21:06:58,0.00019502639770507812,6.4479734897613525,0.3159904479980469,1,2,1,4,0
8,2,8192,2024-12-05 21:06:51,2024-12-05 21:06:58,0.0001251697540283203,6.110652208328247,0.6536095142364502,1,2,0,4,2
8,2,8192,2024-12-05 21:06:51,2024-12-05 21:06:58,0.00018668174743652344,6.447339773178101,0.3167846202850342,1,2,0,4,0
8,2,8192,2024-12-05 21:06:51,2024-12-05 21:06:58,0.0001270771026611328,6.110127925872803,0.6541647911071777,1,2,1,4,2
8,2,8192,2024-12-05 21:06:51,2024-12-05 21:06:58,0.0004436969757080078,5.784674882888794,0.9770047664642334,1,2,1,4,3
8,2,8192,2024-12-05 21:06:51,2024-12-05 21:06:58,0.00038933753967285156,6.431651830673218,0.3320484161376953,1,2,0,4,1
8,2,8192,2024-12-05 21:06:51,2024-12-05 21:06:58,0.0005209445953369141,5.786062717437744,0.976661205291748,1,2,0,4,3
8,2,8192,2024-12-05 21:06:58,2024-12-05 21:07:05,0.0001277923583984375,6.445542097091675,0.3357222080230713,1,2,1,4,1
8,2,8192,2024-12-05 21:06:58,2024-12-05 21:07:05,0.00026679039001464844,6.121965408325195,0.6588666439056396,1,2,1,4,2
8,2,8192,2024-12-05 21:06:58,2024-12-05 21:07:05,0.00026917457580566406,6.443901538848877,0.3363635540008545,1,2,0,4,1
8,2,8192,2024-12-05 21:06:58,2024-12-05 21:07:05,0.0001556873321533203,6.461326360702515,0.31980347633361816,1,2,1,4,0
8,2,8192,2024-12-05 21:06:58,2024-12-05 21:07:05,0.00013685226440429688,6.459756374359131,0.32146310806274414,1,2,0,4,0
8,2,8192,2024-12-05 21:06:58,2024-12-05 21:07:05,0.00015354156494140625,6.122615098953247,0.6586289405822754,1,2,0,4,2
8,2,8192,2024-12-05 21:06:58,2024-12-05 21:07:05,0.0003364086151123047,5.79964804649353,0.9802751541137695,1,2,0,4,3
8,2,8192,2024-12-05 21:06:58,2024-12-05 21:07:05,0.00040435791015625,5.799784421920776,0.9799244403839111,1,2,1,4,3
8,2,8192,2024-12-05 21:07:05,2024-12-05 21:07:11,0.00012874603271484375,6.430110931396484,0.3373425006866455,1,2,1,4,1
8,2,8192,2024-12-05 21:07:05,2024-12-05 21:07:11,0.0008943080902099609,5.781034708023071,0.9796502590179443,1,2,1,4,3
8,2,8192,2024-12-05 21:07:05,2024-12-05 21:07:11,0.00023555755615234375,6.110998153686523,0.6560850143432617,1,2,0,4,2
8,2,8192,2024-12-05 21:07:05,2024-12-05 21:07:11,0.00014138221740722656,6.444876432418823,0.3224472999572754,1,2,1,4,0
8,2,8192,2024-12-05 21:07:05,2024-12-05 21:07:11,0.0001480579376220703,6.444370746612549,0.3228738307952881,1,2,0,4,0
8,2,8192,2024-12-05 21:07:05,2024-12-05 21:07:11,0.0001506805419921875,6.111148357391357,0.6562254428863525,1,2,1,4,2
8,2,8192,2024-12-05 21:07:05,2024-12-05 21:07:11,0.0001392364501953125,6.429687738418579,0.33754730224609375,1,2,0,4,1
8,2,8192,2024-12-05 21:07:05,2024-12-05 21:07:11,0.00033926963806152344,5.785801887512207,0.9801280498504639,1,2,0,4,3
8,2,8192,2024-12-05 21:07:11,2024-12-05 21:07:18,0.0001430511474609375,6.419058561325073,0.33535194396972656,1,2,1,4,1
8,2,8192,2024-12-05 21:07:11,2024-12-05 21:07:18,0.0001404285430908203,6.099183082580566,0.6549348831176758,1,2,1,4,2
8,2,8192,2024-12-05 21:07:11,2024-12-05 21:07:18,0.00019311904907226562,6.0991504192352295,0.6551916599273682,1,2,0,4,2
8,2,8192,2024-12-05 21:07:11,2024-12-05 21:07:18,0.0001430511474609375,6.418548107147217,0.335573673248291,1,2,0,4,1
8,2,8192,2024-12-05 21:07:11,2024-12-05 21:07:18,0.00013780593872070312,6.433942079544067,0.32041263580322266,1,2,0,4,0
8,2,8192,2024-12-05 21:07:11,2024-12-05 21:07:18,0.0001380443572998047,6.4335150718688965,0.32088589668273926,1,2,1,4,0
8,2,8192,2024-12-05 21:07:11,2024-12-05 21:07:18,0.0003292560577392578,5.776861906051636,0.976006269454956,1,2,0,4,3
8,2,8192,2024-12-05 21:07:11,2024-12-05 21:07:18,0.0003762245178222656,5.775824785232544,0.9753267765045166,1,2,1,4,3
8,2,8192,2024-12-05 21:07:18,2024-12-05 21:07:25,0.0001239776611328125,6.417634963989258,0.3391730785369873,1,2,1,4,1
8,2,8192,2024-12-05 21:07:18,2024-12-05 21:07:25,0.00013208389282226562,6.095319747924805,0.6614491939544678,1,2,1,4,2
8,2,8192,2024-12-05 21:07:18,2024-12-05 21:07:25,0.00015091896057128906,6.431458950042725,0.3250160217285156,1,2,1,4,0
8,2,8192,2024-12-05 21:07:18,2024-12-05 21:07:25,0.00015091896057128906,6.416826248168945,0.33978843688964844,1,2,0,4,1
8,2,8192,2024-12-05 21:07:18,2024-12-05 21:07:25,0.0001347064971923828,6.095581293106079,0.6611800193786621,1,2,0,4,2
8,2,8192,2024-12-05 21:07:18,2024-12-05 21:07:25,0.00014328956604003906,6.432408809661865,0.3242807388305664,1,2,0,4,0
8,2,8192,2024-12-05 21:07:18,2024-12-05 21:07:25,0.0002646446228027344,5.772678852081299,0.9831454753875732,1,2,0,4,3
8,2,8192,2024-12-05 21:07:18,2024-12-05 21:07:25,0.0008172988891601562,5.76788592338562,0.9830992221832275,1,2,1,4,3
8,2,8192,2024-12-05 21:07:25,2024-12-05 21:07:32,0.00013017654418945312,6.097083806991577,0.6530539989471436,1,2,0,4,2
8,2,8192,2024-12-05 21:07:25,2024-12-05 21:07:32,0.0001246929168701172,6.4155988693237305,0.334705114364624,1,2,1,4,1
8,2,8192,2024-12-05 21:07:25,2024-12-05 21:07:32,0.0001251697540283203,6.430002689361572,0.32024550437927246,1,2,1,4,0
8,2,8192,2024-12-05 21:07:25,2024-12-05 21:07:32,0.00013899803161621094,6.42960262298584,0.3205380439758301,1,2,0,4,0
8,2,8192,2024-12-05 21:07:25,2024-12-05 21:07:32,0.00013113021850585938,6.415247678756714,0.33490419387817383,1,2,0,4,1
8,2,8192,2024-12-05 21:07:25,2024-12-05 21:07:32,0.00012612342834472656,6.096580982208252,0.6536574363708496,1,2,1,4,2
8,2,8192,2024-12-05 21:07:25,2024-12-05 21:07:32,0.0009403228759765625,5.769500970840454,0.9758093357086182,1,2,1,4,3
8,2,8192,2024-12-05 21:07:25,2024-12-05 21:07:32,0.00018024444580078125,5.773654460906982,0.9759597778320312,1,2,0,4,3
8,2,8192,2024-12-05 21:07:32,2024-12-05 21:07:38,0.00017690658569335938,6.098608493804932,0.6566708087921143,1,2,1,4,2
8,2,8192,2024-12-05 21:07:32,2024-12-05 21:07:38,0.00014090538024902344,6.099050283432007,0.6564290523529053,1,2,0,4,2
8,2,8192,2024-12-05 21:07:32,2024-12-05 21:07:38,0.00034427642822265625,5.770874977111816,0.9813299179077148,1,2,1,4,3
8,2,8192,2024-12-05 21:07:32,2024-12-05 21:07:38,0.00014781951904296875,6.435324668884277,0.32016587257385254,1,2,0,4,0
8,2,8192,2024-12-05 21:07:32,2024-12-05 21:07:38,0.000141143798828125,6.419468402862549,0.33583807945251465,1,2,0,4,1
8,2,8192,2024-12-05 21:07:32,2024-12-05 21:07:38,0.00014519691467285156,6.420590162277222,0.33483290672302246,1,2,1,4,1
8,2,8192,2024-12-05 21:07:32,2024-12-05 21:07:38,0.00018310546875,5.77364444732666,0.981090784072876,1,2,0,4,3
8,2,8192,2024-12-05 21:07:32,2024-12-05 21:07:38,0.00013184547424316406,6.434662818908691,0.32090044021606445,1,2,1,4,0
8,2,8192,2024-12-05 21:07:38,2024-12-05 21:07:45,0.00012969970703125,6.413726329803467,0.3359107971191406,1,2,1,4,1
8,2,8192,2024-12-05 21:07:38,2024-12-05 21:07:45,0.00020074844360351562,6.4285993576049805,0.3206217288970947,1,2,1,4,0
8,2,8192,2024-12-05 21:07:38,2024-12-05 21:07:45,0.0001385211944580078,6.427408218383789,0.3223147392272949,1,2,0,4,0
8,2,8192,2024-12-05 21:07:38,2024-12-05 21:07:45,0.00013113021850585938,6.093858480453491,0.655914306640625,1,2,1,4,2
8,2,8192,2024-12-05 21:07:38,2024-12-05 21:07:45,0.0001342296600341797,6.094241619110107,0.6555383205413818,1,2,0,4,2
8,2,8192,2024-12-05 21:07:38,2024-12-05 21:07:45,0.00028967857360839844,5.769097328186035,0.9789025783538818,1,2,1,4,3
8,2,8192,2024-12-05 21:07:38,2024-12-05 21:07:45,0.0002281665802001953,5.7703399658203125,0.9788532257080078,1,2,0,4,3
8,2,8192,2024-12-05 21:07:38,2024-12-05 21:07:45,0.00013637542724609375,6.413398265838623,0.33622312545776367,1,2,0,4,1
8,2,8192,2024-12-05 21:07:45,2024-12-05 21:07:52,0.00011563301086425781,6.420310974121094,0.3352499008178711,1,2,1,4,1
8,2,8192,2024-12-05 21:07:45,2024-12-05 21:07:52,0.0001366138458251953,6.097830295562744,0.6575074195861816,1,2,1,4,2
8,2,8192,2024-12-05 21:07:45,2024-12-05 21:07:52,0.0001392364501953125,6.4195311069488525,0.3356902599334717,1,2,0,4,1
8,2,8192,2024-12-05 21:07:45,2024-12-05 21:07:52,0.00013256072998046875,6.097949743270874,0.6574206352233887,1,2,0,4,2
8,2,8192,2024-12-05 21:07:45,2024-12-05 21:07:52,0.0001289844512939453,6.434485673904419,0.32096409797668457,1,2,0,4,0
8,2,8192,2024-12-05 21:07:45,2024-12-05 21:07:52,0.0001418590545654297,6.435927629470825,0.3195927143096924,1,2,1,4,0
8,2,8192,2024-12-05 21:07:45,2024-12-05 21:07:52,0.00037598609924316406,5.775203466415405,0.9780158996582031,1,2,1,4,3
8,2,8192,2024-12-05 21:07:45,2024-12-05 21:07:52,0.000171661376953125,5.777614593505859,0.9776575565338135,1,2,0,4,3
8,2,8192,2024-12-05 21:07:52,2024-12-05 21:07:59,0.0001347064971923828,6.396526575088501,0.33554577827453613,1,2,0,4,1
8,2,8192,2024-12-05 21:07:52,2024-12-05 21:07:59,0.00011682510375976562,6.397552013397217,0.3347313404083252,1,2,1,4,1
8,2,8192,2024-12-05 21:07:52,2024-12-05 21:07:59,0.0001201629638671875,6.077232360839844,0.6550447940826416,1,2,1,4,2
8,2,8192,2024-12-05 21:07:52,2024-12-05 21:07:59,0.00013971328735351562,6.411270618438721,0.3208765983581543,1,2,0,4,0
8,2,8192,2024-12-05 21:07:52,2024-12-05 21:07:59,0.00014448165893554688,6.077386379241943,0.6547560691833496,1,2,0,4,2
8,2,8192,2024-12-05 21:07:52,2024-12-05 21:07:59,0.00014853477478027344,6.411703109741211,0.3203721046447754,1,2,1,4,0
8,2,8192,2024-12-05 21:07:52,2024-12-05 21:07:59,0.0004596710205078125,5.752223491668701,0.9772930145263672,1,2,1,4,3
8,2,8192,2024-12-05 21:07:52,2024-12-05 21:07:59,0.00029087066650390625,5.75365686416626,0.9771575927734375,1,2,0,4,3
8,2,8192,2024-12-05 21:07:59,2024-12-05 21:08:05,0.00011706352233886719,6.062837362289429,0.6566517353057861,1,2,1,4,2
8,2,8192,2024-12-05 21:07:59,2024-12-05 21:08:05,0.00012254714965820312,6.379921197891235,0.3395552635192871,1,2,1,4,1
8,2,8192,2024-12-05 21:07:59,2024-12-05 21:08:05,0.0001323223114013672,6.394798755645752,0.3246922492980957,1,2,0,4,0
8,2,8192,2024-12-05 21:07:59,2024-12-05 21:08:05,0.00014328956604003906,6.394672632217407,0.3247497081756592,1,2,1,4,0
8,2,8192,2024-12-05 21:07:59,2024-12-05 21:08:05,0.00013136863708496094,6.062203884124756,0.6572532653808594,1,2,0,4,2
8,2,8192,2024-12-05 21:07:59,2024-12-05 21:08:05,0.00012421607971191406,6.380630016326904,0.33949851989746094,1,2,0,4,1
8,2,8192,2024-12-05 21:07:59,2024-12-05 21:08:05,0.00025534629821777344,5.7401041984558105,0.9787991046905518,1,2,0,4,3
8,2,8192,2024-12-05 21:07:59,2024-12-05 21:08:05,0.0018322467803955078,5.7359631061553955,0.9792282581329346,1,2,1,4,3
8,2,8192,2024-12-05 21:08:05,2024-12-05 21:08:12,0.0002391338348388672,6.3809654712677,0.33490920066833496,1,2,0,4,1
8,2,8192,2024-12-05 21:08:05,2024-12-05 21:08:12,0.0001480579376220703,6.062625885009766,0.653484582901001,1,2,1,4,2
8,2,8192,2024-12-05 21:08:05,2024-12-05 21:08:12,0.0001308917999267578,6.381547689437866,0.3346376419067383,1,2,1,4,1
8,2,8192,2024-12-05 21:08:05,2024-12-05 21:08:12,0.00022554397583007812,5.741925477981567,0.9735751152038574,1,2,0,4,3
8,2,8192,2024-12-05 21:08:05,2024-12-05 21:08:12,0.0001633167266845703,6.062732219696045,0.65334153175354,1,2,0,4,2
8,2,8192,2024-12-05 21:08:05,2024-12-05 21:08:12,0.00013136863708496094,6.3958964347839355,0.32032275199890137,1,2,0,4,0
8,2,8192,2024-12-05 21:08:05,2024-12-05 21:08:12,0.00014352798461914062,6.397390604019165,0.31881117820739746,1,2,1,4,0
8,2,8192,2024-12-05 21:08:05,2024-12-05 21:08:12,0.0004334449768066406,5.738204479217529,0.9738414287567139,1,2,1,4,3
8,2,8192,2024-12-05 21:08:12,2024-12-05 21:08:19,0.00013327598571777344,6.378282070159912,0.3349778652191162,1,2,1,4,1
8,2,8192,2024-12-05 21:08:12,2024-12-05 21:08:19,0.00011754035949707031,6.061180591583252,0.6521222591400146,1,2,1,4,2
8,2,8192,2024-12-05 21:08:12,2024-12-05 21:08:19,0.00011348724365234375,6.3776490688323975,0.3356757164001465,1,2,0,4,1
8,2,8192,2024-12-05 21:08:12,2024-12-05 21:08:19,0.0001239776611328125,6.061545133590698,0.6517019271850586,1,2,0,4,2
8,2,8192,2024-12-05 21:08:12,2024-12-05 21:08:19,0.0001366138458251953,6.391946315765381,0.3211672306060791,1,2,0,4,0
8,2,8192,2024-12-05 21:08:12,2024-12-05 21:08:19,0.0001456737518310547,5.73998761177063,0.9730017185211182,1,2,0,4,3
8,2,8192,2024-12-05 21:08:12,2024-12-05 21:08:19,0.00014591217041015625,6.392658948898315,0.32038211822509766,1,2,1,4,0
8,2,8192,2024-12-05 21:08:12,2024-12-05 21:08:19,0.00043654441833496094,5.738342046737671,0.9721860885620117,1,2,1,4,3
8,2,8192,2024-12-05 21:08:19,2024-12-05 21:08:26,0.00021529197692871094,5.737023591995239,0.973625898361206,1,2,0,4,3
8,2,8192,2024-12-05 21:08:19,2024-12-05 21:08:26,0.00011944770812988281,6.3779683113098145,0.33327150344848633,1,2,1,4,1
8,2,8192,2024-12-05 21:08:19,2024-12-05 21:08:26,0.0001533031463623047,6.058513641357422,0.6526312828063965,1,2,0,4,2
8,2,8192,2024-12-05 21:08:19,2024-12-05 21:08:26,0.0001366138458251953,6.392261505126953,0.3188822269439697,1,2,1,4,0
8,2,8192,2024-12-05 21:08:19,2024-12-05 21:08:26,0.00013303756713867188,6.391768217086792,0.31942248344421387,1,2,0,4,0
8,2,8192,2024-12-05 21:08:19,2024-12-05 21:08:26,0.00012969970703125,6.377522230148315,0.33368754386901855,1,2,0,4,1
8,2,8192,2024-12-05 21:08:19,2024-12-05 21:08:26,0.0001201629638671875,6.058358192443848,0.6530125141143799,1,2,1,4,2
8,2,8192,2024-12-05 21:08:19,2024-12-05 21:08:26,0.0003077983856201172,5.734968185424805,0.9735574722290039,1,2,1,4,3
8,2,8192,2024-12-05 21:08:26,2024-12-05 21:08:32,0.0001232624053955078,6.3650803565979,0.33983922004699707,1,2,0,4,1
8,2,8192,2024-12-05 21:08:26,2024-12-05 21:08:32,0.0001506805419921875,6.045104265213013,0.6595945358276367,1,2,1,4,2
8,2,8192,2024-12-05 21:08:26,2024-12-05 21:08:32,0.00012564659118652344,6.366067886352539,0.3389606475830078,1,2,1,4,1
8,2,8192,2024-12-05 21:08:26,2024-12-05 21:08:32,0.0001766681671142578,6.379676342010498,0.3252599239349365,1,2,0,4,0
8,2,8192,2024-12-05 21:08:26,2024-12-05 21:08:32,0.00014090538024902344,6.380510091781616,0.32446908950805664,1,2,1,4,0
8,2,8192,2024-12-05 21:08:26,2024-12-05 21:08:32,0.00013327598571777344,6.045845031738281,0.6592137813568115,1,2,0,4,2
8,2,8192,2024-12-05 21:08:26,2024-12-05 21:08:32,0.0003814697265625,5.722705602645874,0.9796454906463623,1,2,1,4,3
8,2,8192,2024-12-05 21:08:26,2024-12-05 21:08:32,0.0001518726348876953,5.725515365600586,0.9794588088989258,1,2,0,4,3
8,2,8192,2024-12-05 21:08:32,2024-12-05 21:08:39,0.0001404285430908203,6.040297031402588,0.6668169498443604,1,2,1,4,2
8,2,8192,2024-12-05 21:08:32,2024-12-05 21:08:39,0.00013184547424316406,6.357746362686157,0.34935593605041504,1,2,1,4,1
8,2,8192,2024-12-05 21:08:32,2024-12-05 21:08:39,0.00018596649169921875,6.040286302566528,0.6666123867034912,1,2,0,4,2
8,2,8192,2024-12-05 21:08:32,2024-12-05 21:08:39,0.00012183189392089844,6.356861352920532,0.35060858726501465,1,2,0,4,1
8,2,8192,2024-12-05 21:08:32,2024-12-05 21:08:39,0.000308990478515625,5.7205283641815186,0.9882159233093262,1,2,0,4,3
8,2,8192,2024-12-05 21:08:32,2024-12-05 21:08:39,0.0004012584686279297,5.7189741134643555,0.9888472557067871,1,2,1,4,3
8,2,8192,2024-12-05 21:08:32,2024-12-05 21:08:39,0.00017070770263671875,6.372270345687866,0.33914661407470703,1,2,1,4,0
8,2,8192,2024-12-05 21:08:32,2024-12-05 21:08:39,0.0001697540283203125,6.371671676635742,0.33989834785461426,1,2,0,4,0
8,2,8192,2024-12-05 21:08:39,2024-12-05 21:08:47,0.0001461505889892578,7.744350433349609,0.33846473693847656,1,2,0,4,1
8,2,8192,2024-12-05 21:08:39,2024-12-05 21:08:47,0.0001277923583984375,7.426581144332886,0.6562535762786865,1,2,1,4,2
8,2,8192,2024-12-05 21:08:39,2024-12-05 21:08:47,0.00013709068298339844,7.427208662033081,0.6556985378265381,1,2,0,4,2
8,2,8192,2024-12-05 21:08:39,2024-12-05 21:08:47,0.00013065338134765625,7.744786500930786,0.33832812309265137,1,2,1,4,1
8,2,8192,2024-12-05 21:08:39,2024-12-05 21:08:47,0.0001461505889892578,7.7488625049591064,0.32382965087890625,1,2,1,4,0
8,2,8192,2024-12-05 21:08:39,2024-12-05 21:08:47,0.00016045570373535156,7.748440742492676,0.32417964935302734,1,2,0,4,0
8,2,8192,2024-12-05 21:08:39,2024-12-05 21:08:47,0.0002396106719970703,7.1004486083984375,0.9738743305206299,1,2,0,4,3
8,2,8192,2024-12-05 21:08:39,2024-12-05 21:08:47,0.0003781318664550781,7.0981221199035645,0.9745469093322754,1,2,1,4,3
8,2,8192,2024-12-05 21:08:47,2024-12-05 21:08:54,0.00012803077697753906,6.3470680713653564,0.34403514862060547,1,2,0,4,1
8,2,8192,2024-12-05 21:08:47,2024-12-05 21:08:54,0.00012803077697753906,6.029523134231567,0.6614346504211426,1,2,0,4,2
8,2,8192,2024-12-05 21:08:47,2024-12-05 21:08:54,0.00012445449829101562,6.347501516342163,0.34354543685913086,1,2,1,4,1
8,2,8192,2024-12-05 21:08:47,2024-12-05 21:08:54,0.00012421607971191406,6.029930591583252,0.6611194610595703,1,2,1,4,2
8,2,8192,2024-12-05 21:08:47,2024-12-05 21:08:54,0.0001342296600341797,6.35461688041687,0.329134464263916,1,2,1,4,0
8,2,8192,2024-12-05 21:08:47,2024-12-05 21:08:54,0.000133514404296875,6.354317665100098,0.32948827743530273,1,2,0,4,0
8,2,8192,2024-12-05 21:08:47,2024-12-05 21:08:54,0.00037670135498046875,5.699280023574829,0.9823246002197266,1,2,1,4,3
8,2,8192,2024-12-05 21:08:47,2024-12-05 21:08:54,0.0002129077911376953,5.701504945755005,0.9825043678283691,1,2,0,4,3
8,2,8192,2024-12-05 21:08:54,2024-12-05 21:09:01,0.00011801719665527344,6.038844108581543,0.6547648906707764,1,2,0,4,2
8,2,8192,2024-12-05 21:08:54,2024-12-05 21:09:01,0.00011491775512695312,6.355674982070923,0.3380115032196045,1,2,0,4,1
8,2,8192,2024-12-05 21:08:54,2024-12-05 21:09:01,0.00012040138244628906,6.355923414230347,0.33775901794433594,1,2,1,4,1
8,2,8192,2024-12-05 21:08:54,2024-12-05 21:09:01,0.0001347064971923828,6.36296272277832,0.3234274387359619,1,2,1,4,0
8,2,8192,2024-12-05 21:08:54,2024-12-05 21:09:01,0.0001285076141357422,6.362684965133667,0.323850154876709,1,2,0,4,0
8,2,8192,2024-12-05 21:08:54,2024-12-05 21:09:01,0.0003857612609863281,5.71080207824707,0.9741637706756592,1,2,1,4,3
8,2,8192,2024-12-05 21:08:54,2024-12-05 21:09:01,0.00024318695068359375,5.713042259216309,0.9732894897460938,1,2,0,4,3
8,2,8192,2024-12-05 21:08:54,2024-12-05 21:09:01,0.00012230873107910156,6.0391645431518555,0.6550006866455078,1,2,1,4,2
8,2,8192,2024-12-05 21:09:01,2024-12-05 21:09:07,0.0001239776611328125,6.364779710769653,0.33619165420532227,1,2,1,4,1
8,2,8192,2024-12-05 21:09:01,2024-12-05 21:09:07,0.0001285076141357422,6.049480438232422,0.6514439582824707,1,2,0,4,2
8,2,8192,2024-12-05 21:09:01,2024-12-05 21:09:07,0.00014519691467285156,6.37129807472229,0.3221879005432129,1,2,0,4,0
8,2,8192,2024-12-05 21:09:01,2024-12-05 21:09:07,0.00011873245239257812,6.364344120025635,0.3367655277252197,1,2,0,4,1
8,2,8192,2024-12-05 21:09:01,2024-12-05 21:09:07,0.0001423358917236328,6.371582984924316,0.3221092224121094,1,2,1,4,0
8,2,8192,2024-12-05 21:09:01,2024-12-05 21:09:07,0.00018334388732910156,5.7236363887786865,0.9699115753173828,1,2,0,4,3
8,2,8192,2024-12-05 21:09:01,2024-12-05 21:09:07,0.0003924369812011719,5.720686674118042,0.9709548950195312,1,2,1,4,3
8,2,8192,2024-12-05 21:09:01,2024-12-05 21:09:07,0.0002410411834716797,6.048921585083008,0.6522812843322754,1,2,1,4,2
8,2,8192,2024-12-05 21:09:07,2024-12-05 21:09:14,0.00012111663818359375,6.039554834365845,0.6575376987457275,1,2,0,4,2
8,2,8192,2024-12-05 21:09:07,2024-12-05 21:09:14,0.00012826919555664062,6.357527017593384,0.3396337032318115,1,2,0,4,1
8,2,8192,2024-12-05 21:09:07,2024-12-05 21:09:14,0.00011706352233886719,6.358546495437622,0.3387877941131592,1,2,1,4,1
8,2,8192,2024-12-05 21:09:07,2024-12-05 21:09:14,0.00012636184692382812,6.364809513092041,0.32500696182250977,1,2,0,4,0
8,2,8192,2024-12-05 21:09:07,2024-12-05 21:09:14,0.0001373291015625,6.365182876586914,0.3245429992675781,1,2,1,4,0
8,2,8192,2024-12-05 21:09:07,2024-12-05 21:09:14,0.0002200603485107422,6.039770126342773,0.6573352813720703,1,2,1,4,2
8,2,8192,2024-12-05 21:09:07,2024-12-05 21:09:14,0.00015592575073242188,5.713680267333984,0.9761555194854736,1,2,0,4,3
8,2,8192,2024-12-05 21:09:07,2024-12-05 21:09:14,0.00031757354736328125,5.710280895233154,0.9775228500366211,1,2,1,4,3
8,2,8192,2024-12-05 21:09:14,2024-12-05 21:09:21,0.00012803077697753906,6.355635166168213,0.33920788764953613,1,2,1,4,1
8,2,8192,2024-12-05 21:09:14,2024-12-05 21:09:21,0.00013518333435058594,6.362693786621094,0.3247520923614502,1,2,1,4,0
8,2,8192,2024-12-05 21:09:14,2024-12-05 21:09:21,0.00012063980102539062,6.355007171630859,0.34002017974853516,1,2,0,4,1
8,2,8192,2024-12-05 21:09:14,2024-12-05 21:09:21,0.00012350082397460938,6.039736270904541,0.6552062034606934,1,2,0,4,2
8,2,8192,2024-12-05 21:09:14,2024-12-05 21:09:21,0.00013256072998046875,6.361961126327515,0.32549262046813965,1,2,0,4,0
8,2,8192,2024-12-05 21:09:14,2024-12-05 21:09:21,0.0001475811004638672,6.039660453796387,0.6553235054016113,1,2,1,4,2
8,2,8192,2024-12-05 21:09:14,2024-12-05 21:09:21,0.00038313865661621094,5.709181070327759,0.9767632484436035,1,2,1,4,3
8,2,8192,2024-12-05 21:09:14,2024-12-05 21:09:21,0.00019860267639160156,5.712372541427612,0.9755337238311768,1,2,0,4,3
8,2,8192,2024-12-05 21:09:21,2024-12-05 21:09:27,0.00018858909606933594,6.340217590332031,0.34097981452941895,1,2,0,4,1
8,2,8192,2024-12-05 21:09:21,2024-12-05 21:09:27,0.00012564659118652344,6.341628313064575,0.33979344367980957,1,2,1,4,1
8,2,8192,2024-12-05 21:09:21,2024-12-05 21:09:27,0.00015091896057128906,6.0238425731658936,0.6574687957763672,1,2,0,4,2
8,2,8192,2024-12-05 21:09:21,2024-12-05 21:09:27,0.00014019012451171875,6.347890615463257,0.3261699676513672,1,2,0,4,0
8,2,8192,2024-12-05 21:09:21,2024-12-05 21:09:27,0.00032401084899902344,5.696552991867065,0.9755048751831055,1,2,1,4,3
8,2,8192,2024-12-05 21:09:21,2024-12-05 21:09:27,0.0001354217529296875,6.348546743392944,0.32558488845825195,1,2,1,4,0
8,2,8192,2024-12-05 21:09:21,2024-12-05 21:09:27,0.00017452239990234375,6.023878812789917,0.6576187610626221,1,2,1,4,2
8,2,8192,2024-12-05 21:09:21,2024-12-05 21:09:27,0.00023245811462402344,5.698424816131592,0.9755558967590332,1,2,0,4,3
8,2,8192,2024-12-05 21:09:27,2024-12-05 21:09:34,0.00013065338134765625,6.038698673248291,0.6531574726104736,1,2,0,4,2
8,2,8192,2024-12-05 21:09:27,2024-12-05 21:09:34,0.00012254714965820312,6.3551411628723145,0.3369638919830322,1,2,0,4,1
8,2,8192,2024-12-05 21:09:27,2024-12-05 21:09:34,0.00013399124145507812,6.362441301345825,0.32207536697387695,1,2,0,4,0
8,2,8192,2024-12-05 21:09:27,2024-12-05 21:09:34,0.00027561187744140625,5.70893120765686,0.9742703437805176,1,2,1,4,3
8,2,8192,2024-12-05 21:09:27,2024-12-05 21:09:34,0.0001308917999267578,6.355192422866821,0.3369719982147217,1,2,1,4,1
8,2,8192,2024-12-05 21:09:27,2024-12-05 21:09:34,0.0001380443572998047,6.362577438354492,0.3221285343170166,1,2,1,4,0
8,2,8192,2024-12-05 21:09:27,2024-12-05 21:09:34,0.00014400482177734375,6.038686752319336,0.6534709930419922,1,2,1,4,2
8,2,8192,2024-12-05 21:09:27,2024-12-05 21:09:34,0.00017976760864257812,5.710479497909546,0.97428297996521,1,2,0,4,3
8,2,8192,2024-12-05 21:09:34,2024-12-05 21:09:41,0.00013494491577148438,6.039106845855713,0.6572587490081787,1,2,0,4,2
8,2,8192,2024-12-05 21:09:34,2024-12-05 21:09:41,0.00014162063598632812,6.355701446533203,0.3407142162322998,1,2,1,4,1
8,2,8192,2024-12-05 21:09:34,2024-12-05 21:09:41,0.0001437664031982422,6.355442523956299,0.3410837650299072,1,2,0,4,1
8,2,8192,2024-12-05 21:09:34,2024-12-05 21:09:41,0.00013184547424316406,6.362430810928345,0.3266868591308594,1,2,0,4,0
8,2,8192,2024-12-05 21:09:34,2024-12-05 21:09:41,0.00032591819763183594,5.710416555404663,0.977191686630249,1,2,1,4,3
8,2,8192,2024-12-05 21:09:34,2024-12-05 21:09:41,0.0001437664031982422,6.362610578536987,0.3264148235321045,1,2,1,4,0
8,2,8192,2024-12-05 21:09:34,2024-12-05 21:09:41,0.0001621246337890625,6.038880825042725,0.6576361656188965,1,2,1,4,2
8,2,8192,2024-12-05 21:09:34,2024-12-05 21:09:41,0.0002472400665283203,5.7127299308776855,0.9763290882110596,1,2,0,4,3
8,2,8192,2024-12-05 21:09:41,2024-12-05 21:09:48,0.00011229515075683594,6.360982894897461,0.33932971954345703,1,2,1,4,1
8,2,8192,2024-12-05 21:09:41,2024-12-05 21:09:48,0.00013017654418945312,6.043379068374634,0.6569118499755859,1,2,0,4,2
8,2,8192,2024-12-05 21:09:41,2024-12-05 21:09:48,0.00013017654418945312,6.367198467254639,0.32577967643737793,1,2,0,4,0
8,2,8192,2024-12-05 21:09:41,2024-12-05 21:09:48,0.00011944770812988281,6.3601226806640625,0.3403284549713135,1,2,0,4,1
8,2,8192,2024-12-05 21:09:41,2024-12-05 21:09:48,0.0001316070556640625,6.368122816085815,0.3249690532684326,1,2,1,4,0
8,2,8192,2024-12-05 21:09:41,2024-12-05 21:09:48,0.00018739700317382812,6.043026685714722,0.6573491096496582,1,2,1,4,2
8,2,8192,2024-12-05 21:09:41,2024-12-05 21:09:48,0.00016546249389648438,5.7167041301727295,0.9761624336242676,1,2,0,4,3
8,2,8192,2024-12-05 21:09:41,2024-12-05 21:09:48,0.00030422210693359375,5.714422941207886,0.9773123264312744,1,2,1,4,3
8,2,8192,2024-12-05 21:09:48,2024-12-05 21:09:54,0.00012874603271484375,6.045346021652222,0.6554696559906006,1,2,0,4,2
8,2,8192,2024-12-05 21:09:48,2024-12-05 21:09:54,0.00012803077697753906,6.361058950424194,0.3398768901824951,1,2,1,4,1
8,2,8192,2024-12-05 21:09:48,2024-12-05 21:09:54,0.0001285076141357422,6.3679656982421875,0.3257482051849365,1,2,0,4,0
8,2,8192,2024-12-05 21:09:48,2024-12-05 21:09:54,0.0001437664031982422,6.045422554016113,0.6554973125457764,1,2,1,4,2
8,2,8192,2024-12-05 21:09:48,2024-12-05 21:09:54,0.00016546249389648438,5.7174391746521,0.9760873317718506,1,2,0,4,3
8,2,8192,2024-12-05 21:09:48,2024-12-05 21:09:54,0.0001316070556640625,6.36811375617981,0.3254587650299072,1,2,1,4,0
8,2,8192,2024-12-05 21:09:48,2024-12-05 21:09:54,0.000331878662109375,5.714827299118042,0.9770910739898682,1,2,1,4,3
8,2,8192,2024-12-05 21:09:48,2024-12-05 21:09:54,0.0001914501190185547,6.3606696128845215,0.34055471420288086,1,2,0,4,1
8,2,8192,2024-12-05 21:09:54,2024-12-05 21:10:01,0.00011920928955078125,6.344499111175537,0.3366715908050537,1,2,1,4,1
8,2,8192,2024-12-05 21:09:54,2024-12-05 21:10:01,0.0001461505889892578,6.343722820281982,0.3372342586517334,1,2,0,4,1
8,2,8192,2024-12-05 21:09:54,2024-12-05 21:10:01,0.00011992454528808594,6.02595067024231,0.6551558971405029,1,2,0,4,2
8,2,8192,2024-12-05 21:09:54,2024-12-05 21:10:01,0.00012874603271484375,6.025826692581177,0.6551995277404785,1,2,1,4,2
8,2,8192,2024-12-05 21:09:54,2024-12-05 21:10:01,0.00014138221740722656,6.351515769958496,0.3222675323486328,1,2,1,4,0
8,2,8192,2024-12-05 21:09:54,2024-12-05 21:10:01,0.00014209747314453125,6.351029872894287,0.32280969619750977,1,2,0,4,0
8,2,8192,2024-12-05 21:09:54,2024-12-05 21:10:01,0.0003421306610107422,5.697994709014893,0.9744491577148438,1,2,1,4,3
8,2,8192,2024-12-05 21:09:54,2024-12-05 21:10:01,0.00020837783813476562,5.699969291687012,0.9739105701446533,1,2,0,4,3
8,2,8192,2024-12-05 21:10:01,2024-12-05 21:10:08,0.00012040138244628906,6.34660792350769,0.33884668350219727,1,2,0,4,1
8,2,8192,2024-12-05 21:10:01,2024-12-05 21:10:08,0.00013065338134765625,6.0325446128845215,0.652808427810669,1,2,0,4,2
8,2,8192,2024-12-05 21:10:01,2024-12-05 21:10:08,0.0001239776611328125,6.34674859046936,0.3388373851776123,1,2,1,4,1
8,2,8192,2024-12-05 21:10:01,2024-12-05 21:10:08,0.0001342296600341797,6.032577753067017,0.652829647064209,1,2,1,4,2
8,2,8192,2024-12-05 21:10:01,2024-12-05 21:10:08,0.0001327991485595703,6.353897571563721,0.32413363456726074,1,2,0,4,0
8,2,8192,2024-12-05 21:10:01,2024-12-05 21:10:08,0.0001990795135498047,5.7059149742126465,0.9721052646636963,1,2,0,4,3
8,2,8192,2024-12-05 21:10:01,2024-12-05 21:10:08,0.00013709068298339844,6.3550567626953125,0.32313990592956543,1,2,1,4,0
8,2,8192,2024-12-05 21:10:01,2024-12-05 21:10:08,0.00030922889709472656,5.704155683517456,0.9721190929412842,1,2,1,4,3
8,2,8192,2024-12-05 21:10:08,2024-12-05 21:10:14,0.0001354217529296875,6.04925537109375,0.6555516719818115,1,2,0,4,2
8,2,8192,2024-12-05 21:10:08,2024-12-05 21:10:14,0.0001342296600341797,6.049140453338623,0.6555585861206055,1,2,1,4,2
8,2,8192,2024-12-05 21:10:08,2024-12-05 21:10:14,0.00011777877807617188,6.3649842739105225,0.33969998359680176,1,2,1,4,1
8,2,8192,2024-12-05 21:10:08,2024-12-05 21:10:14,0.00012254714965820312,6.364827632904053,0.3400864601135254,1,2,0,4,1
8,2,8192,2024-12-05 21:10:08,2024-12-05 21:10:14,0.00012946128845214844,6.372270822525024,0.32525038719177246,1,2,0,4,0
8,2,8192,2024-12-05 21:10:08,2024-12-05 21:10:14,0.00013446807861328125,6.3725926876068115,0.32511162757873535,1,2,1,4,0
8,2,8192,2024-12-05 21:10:08,2024-12-05 21:10:14,0.0002741813659667969,5.7207560539245605,0.9752793312072754,1,2,1,4,3
8,2,8192,2024-12-05 21:10:08,2024-12-05 21:10:14,0.00016689300537109375,5.722956895828247,0.9750537872314453,1,2,0,4,3
8,2,8192,2024-12-05 21:10:14,2024-12-05 21:10:21,0.000125885009765625,6.049088954925537,0.6539363861083984,1,2,0,4,2
8,2,8192,2024-12-05 21:10:14,2024-12-05 21:10:21,0.00012302398681640625,6.364792108535767,0.33829402923583984,1,2,0,4,1
8,2,8192,2024-12-05 21:10:14,2024-12-05 21:10:21,0.00014066696166992188,6.372867107391357,0.32280874252319336,1,2,1,4,0
8,2,8192,2024-12-05 21:10:14,2024-12-05 21:10:21,0.00012826919555664062,6.365487098693848,0.3377096652984619,1,2,1,4,1
8,2,8192,2024-12-05 21:10:14,2024-12-05 21:10:21,0.00012826919555664062,6.048635244369507,0.6545214653015137,1,2,1,4,2
8,2,8192,2024-12-05 21:10:14,2024-12-05 21:10:21,0.00012969970703125,6.371984004974365,0.32379770278930664,1,2,0,4,0
8,2,8192,2024-12-05 21:10:14,2024-12-05 21:10:21,0.00021719932556152344,5.722212076187134,0.9718401432037354,1,2,1,4,3
8,2,8192,2024-12-05 21:10:14,2024-12-05 21:10:21,0.0002589225769042969,5.724776983261108,0.9712693691253662,1,2,0,4,3
8,2,8192,2024-12-05 21:10:21,2024-12-05 21:10:28,0.00012493133544921875,6.050389051437378,0.6582965850830078,1,2,0,4,2
8,2,8192,2024-12-05 21:10:21,2024-12-05 21:10:28,0.0001270771026611328,6.368140459060669,0.34055209159851074,1,2,1,4,1
8,2,8192,2024-12-05 21:10:21,2024-12-05 21:10:28,0.00012922286987304688,6.0505475997924805,0.6581246852874756,1,2,1,4,2
8,2,8192,2024-12-05 21:10:21,2024-12-05 21:10:28,0.0001227855682373047,6.368158340454102,0.3405895233154297,1,2,0,4,1
8,2,8192,2024-12-05 21:10:21,2024-12-05 21:10:28,0.000255584716796875,5.7199156284332275,0.979877233505249,1,2,1,4,3
8,2,8192,2024-12-05 21:10:21,2024-12-05 21:10:28,0.00013017654418945312,6.375338077545166,0.3260948657989502,1,2,0,4,0
8,2,8192,2024-12-05 21:10:21,2024-12-05 21:10:28,0.00013566017150878906,6.37563943862915,0.3258652687072754,1,2,1,4,0
8,2,8192,2024-12-05 21:10:21,2024-12-05 21:10:28,0.000240325927734375,5.7224509716033936,0.9789538383483887,1,2,0,4,3
8,2,8192,2024-12-05 21:10:28,2024-12-05 21:10:35,0.000118255615234375,6.358385324478149,0.33922839164733887,1,2,1,4,1
8,2,8192,2024-12-05 21:10:28,2024-12-05 21:10:35,0.00012350082397460938,6.040302515029907,0.6572763919830322,1,2,0,4,2
8,2,8192,2024-12-05 21:10:28,2024-12-05 21:10:35,0.0001163482666015625,6.358342409133911,0.339353084564209,1,2,0,4,1
8,2,8192,2024-12-05 21:10:28,2024-12-05 21:10:35,0.00014019012451171875,6.039827823638916,0.6578996181488037,1,2,1,4,2
8,2,8192,2024-12-05 21:10:28,2024-12-05 21:10:35,0.0001380443572998047,6.365293979644775,0.32503271102905273,1,2,0,4,0
8,2,8192,2024-12-05 21:10:28,2024-12-05 21:10:35,0.00013494491577148438,6.36546516418457,0.3248293399810791,1,2,1,4,0
8,2,8192,2024-12-05 21:10:28,2024-12-05 21:10:35,0.00030994415283203125,5.709112167358398,0.9799017906188965,1,2,1,4,3
8,2,8192,2024-12-05 21:10:28,2024-12-05 21:10:35,0.00022101402282714844,5.711329698562622,0.9794189929962158,1,2,0,4,3
8,2,8192,2024-12-05 21:10:35,2024-12-05 21:10:41,0.00011086463928222656,6.354719400405884,0.3388855457305908,1,2,1,4,1
8,2,8192,2024-12-05 21:10:35,2024-12-05 21:10:41,0.00012993812561035156,6.037131309509277,0.6563839912414551,1,2,0,4,2
8,2,8192,2024-12-05 21:10:35,2024-12-05 21:10:41,0.00018167495727539062,6.036639451980591,0.6568753719329834,1,2,1,4,2
8,2,8192,2024-12-05 21:10:35,2024-12-05 21:10:41,0.000148773193359375,6.353805065155029,0.33980703353881836,1,2,0,4,1
8,2,8192,2024-12-05 21:10:35,2024-12-05 21:10:41,0.0001361370086669922,6.36172890663147,0.32450127601623535,1,2,0,4,0
8,2,8192,2024-12-05 21:10:35,2024-12-05 21:10:41,0.00013589859008789062,6.361790895462036,0.32442307472229004,1,2,1,4,0
8,2,8192,2024-12-05 21:10:35,2024-12-05 21:10:41,0.00035071372985839844,5.70687198638916,0.9774177074432373,1,2,1,4,3
8,2,8192,2024-12-05 21:10:35,2024-12-05 21:10:41,0.0002741813659667969,5.709010362625122,0.977208137512207,1,2,0,4,3
8,2,8192,2024-12-05 21:10:41,2024-12-05 21:10:48,0.00011563301086425781,6.360252857208252,0.3415710926055908,1,2,1,4,1
8,2,8192,2024-12-05 21:10:41,2024-12-05 21:10:48,0.0001289844512939453,6.35994553565979,0.34181666374206543,1,2,0,4,1
8,2,8192,2024-12-05 21:10:41,2024-12-05 21:10:48,0.00012564659118652344,6.041538953781128,0.660144567489624,1,2,1,4,2
8,2,8192,2024-12-05 21:10:41,2024-12-05 21:10:48,0.0001366138458251953,6.367910861968994,0.32654404640197754,1,2,1,4,0
8,2,8192,2024-12-05 21:10:41,2024-12-05 21:10:48,0.0001308917999267578,6.367013216018677,0.3274528980255127,1,2,0,4,0
8,2,8192,2024-12-05 21:10:41,2024-12-05 21:10:48,0.0001285076141357422,6.0415449142456055,0.6603307723999023,1,2,0,4,2
8,2,8192,2024-12-05 21:10:41,2024-12-05 21:10:48,0.00035381317138671875,5.710917711257935,0.9819257259368896,1,2,1,4,3
8,2,8192,2024-12-05 21:10:41,2024-12-05 21:10:48,0.00020813941955566406,5.713194131851196,0.9810872077941895,1,2,0,4,3
